fp32,2xbf_3,2xbf_3d,3xbf_6,3xbf_6d,3xbf_9,3xbf_9d
8.51069e-06,0.00022514,0.000140881,8.51069e-06,2.65743e-07,0.00022514,0.000140615
