fp32,2xbf_3,2xbf_3d,3xbf_6,3xbf_6d,3xbf_9,3xbf_9d
0.00178887,0.0103338,0.0108557,0.00178887,3.24449e-05,0.010288,0.0108232
